Metric,Amount,Currency,Date,Context 1,Context 2,Context 3,Context 4,Context 5,Context 6,Context 7,Context 8,Context 9,Context 10,Context 11,Context 12,Context 13,Context 14,Context 15,Context 16,Context 17,Context 18,Context 19,Context 20,Context 21,Context 22,Context 23,Context 24,Context 25,Context 26,Context 27,Context 28,Context 29,Context 30,Context 31,Context 32,Context 33,Context 34,Context 35,Context 36,Context 37,Context 38,Context 39,Context 40,Context 41,Context 42,Context 43,Context 44,Context 45,Context 46,Context 47,Context 48,Context 49,Context 50,Context 51
Cash at bank,100001,NZD,2026-05-31,value-1-1,value-1-2,value-1-3,value-1-4,value-1-5,value-1-6,value-1-7,value-1-8,value-1-9,value-1-10,value-1-11,value-1-12,value-1-13,value-1-14,value-1-15,value-1-16,value-1-17,value-1-18,value-1-19,value-1-20,value-1-21,value-1-22,value-1-23,value-1-24,value-1-25,value-1-26,value-1-27,value-1-28,value-1-29,value-1-30,value-1-31,value-1-32,value-1-33,value-1-34,value-1-35,value-1-36,value-1-37,value-1-38,value-1-39,value-1-40,value-1-41,value-1-42,value-1-43,value-1-44,value-1-45,value-1-46,value-1-47,value-1-48,value-1-49,value-1-50,value-1-51
Monthly revenue,100002,NZD,2026-05-31,value-2-1,value-2-2,value-2-3,value-2-4,value-2-5,value-2-6,value-2-7,value-2-8,value-2-9,value-2-10,value-2-11,value-2-12,value-2-13,value-2-14,value-2-15,value-2-16,value-2-17,value-2-18,value-2-19,value-2-20,value-2-21,value-2-22,value-2-23,value-2-24,value-2-25,value-2-26,value-2-27,value-2-28,value-2-29,value-2-30,value-2-31,value-2-32,value-2-33,value-2-34,value-2-35,value-2-36,value-2-37,value-2-38,value-2-39,value-2-40,value-2-41,value-2-42,value-2-43,value-2-44,value-2-45,value-2-46,value-2-47,value-2-48,value-2-49,value-2-50,value-2-51
Cash at bank,100003,NZD,2026-05-31,value-3-1,value-3-2,value-3-3,value-3-4,value-3-5,value-3-6,value-3-7,value-3-8,value-3-9,value-3-10,value-3-11,value-3-12,value-3-13,value-3-14,value-3-15,value-3-16,value-3-17,value-3-18,value-3-19,value-3-20,value-3-21,value-3-22,value-3-23,value-3-24,value-3-25,value-3-26,value-3-27,value-3-28,value-3-29,value-3-30,value-3-31,value-3-32,value-3-33,value-3-34,value-3-35,value-3-36,value-3-37,value-3-38,value-3-39,value-3-40,value-3-41,value-3-42,value-3-43,value-3-44,value-3-45,value-3-46,value-3-47,value-3-48,value-3-49,value-3-50,value-3-51
Monthly revenue,100004,NZD,2026-05-31,value-4-1,value-4-2,value-4-3,value-4-4,value-4-5,value-4-6,value-4-7,value-4-8,value-4-9,value-4-10,value-4-11,value-4-12,value-4-13,value-4-14,value-4-15,value-4-16,value-4-17,value-4-18,value-4-19,value-4-20,value-4-21,value-4-22,value-4-23,value-4-24,value-4-25,value-4-26,value-4-27,value-4-28,value-4-29,value-4-30,value-4-31,value-4-32,value-4-33,value-4-34,value-4-35,value-4-36,value-4-37,value-4-38,value-4-39,value-4-40,value-4-41,value-4-42,value-4-43,value-4-44,value-4-45,value-4-46,value-4-47,value-4-48,value-4-49,value-4-50,value-4-51
Cash at bank,100005,NZD,2026-05-31,value-5-1,value-5-2,value-5-3,value-5-4,value-5-5,value-5-6,value-5-7,value-5-8,value-5-9,value-5-10,value-5-11,value-5-12,value-5-13,value-5-14,value-5-15,value-5-16,value-5-17,value-5-18,value-5-19,value-5-20,value-5-21,value-5-22,value-5-23,value-5-24,value-5-25,value-5-26,value-5-27,value-5-28,value-5-29,value-5-30,value-5-31,value-5-32,value-5-33,value-5-34,value-5-35,value-5-36,value-5-37,value-5-38,value-5-39,value-5-40,value-5-41,value-5-42,value-5-43,value-5-44,value-5-45,value-5-46,value-5-47,value-5-48,value-5-49,value-5-50,value-5-51
Monthly revenue,100006,NZD,2026-05-31,value-6-1,value-6-2,value-6-3,value-6-4,value-6-5,value-6-6,value-6-7,value-6-8,value-6-9,value-6-10,value-6-11,value-6-12,value-6-13,value-6-14,value-6-15,value-6-16,value-6-17,value-6-18,value-6-19,value-6-20,value-6-21,value-6-22,value-6-23,value-6-24,value-6-25,value-6-26,value-6-27,value-6-28,value-6-29,value-6-30,value-6-31,value-6-32,value-6-33,value-6-34,value-6-35,value-6-36,value-6-37,value-6-38,value-6-39,value-6-40,value-6-41,value-6-42,value-6-43,value-6-44,value-6-45,value-6-46,value-6-47,value-6-48,value-6-49,value-6-50,value-6-51
Cash at bank,100007,NZD,2026-05-31,value-7-1,value-7-2,value-7-3,value-7-4,value-7-5,value-7-6,value-7-7,value-7-8,value-7-9,value-7-10,value-7-11,value-7-12,value-7-13,value-7-14,value-7-15,value-7-16,value-7-17,value-7-18,value-7-19,value-7-20,value-7-21,value-7-22,value-7-23,value-7-24,value-7-25,value-7-26,value-7-27,value-7-28,value-7-29,value-7-30,value-7-31,value-7-32,value-7-33,value-7-34,value-7-35,value-7-36,value-7-37,value-7-38,value-7-39,value-7-40,value-7-41,value-7-42,value-7-43,value-7-44,value-7-45,value-7-46,value-7-47,value-7-48,value-7-49,value-7-50,value-7-51
Monthly revenue,100008,NZD,2026-05-31,value-8-1,value-8-2,value-8-3,value-8-4,value-8-5,value-8-6,value-8-7,value-8-8,value-8-9,value-8-10,value-8-11,value-8-12,value-8-13,value-8-14,value-8-15,value-8-16,value-8-17,value-8-18,value-8-19,value-8-20,value-8-21,value-8-22,value-8-23,value-8-24,value-8-25,value-8-26,value-8-27,value-8-28,value-8-29,value-8-30,value-8-31,value-8-32,value-8-33,value-8-34,value-8-35,value-8-36,value-8-37,value-8-38,value-8-39,value-8-40,value-8-41,value-8-42,value-8-43,value-8-44,value-8-45,value-8-46,value-8-47,value-8-48,value-8-49,value-8-50,value-8-51
Cash at bank,100009,NZD,2026-05-31,value-9-1,value-9-2,value-9-3,value-9-4,value-9-5,value-9-6,value-9-7,value-9-8,value-9-9,value-9-10,value-9-11,value-9-12,value-9-13,value-9-14,value-9-15,value-9-16,value-9-17,value-9-18,value-9-19,value-9-20,value-9-21,value-9-22,value-9-23,value-9-24,value-9-25,value-9-26,value-9-27,value-9-28,value-9-29,value-9-30,value-9-31,value-9-32,value-9-33,value-9-34,value-9-35,value-9-36,value-9-37,value-9-38,value-9-39,value-9-40,value-9-41,value-9-42,value-9-43,value-9-44,value-9-45,value-9-46,value-9-47,value-9-48,value-9-49,value-9-50,value-9-51
Monthly revenue,100010,NZD,2026-05-31,value-10-1,value-10-2,value-10-3,value-10-4,value-10-5,value-10-6,value-10-7,value-10-8,value-10-9,value-10-10,value-10-11,value-10-12,value-10-13,value-10-14,value-10-15,value-10-16,value-10-17,value-10-18,value-10-19,value-10-20,value-10-21,value-10-22,value-10-23,value-10-24,value-10-25,value-10-26,value-10-27,value-10-28,value-10-29,value-10-30,value-10-31,value-10-32,value-10-33,value-10-34,value-10-35,value-10-36,value-10-37,value-10-38,value-10-39,value-10-40,value-10-41,value-10-42,value-10-43,value-10-44,value-10-45,value-10-46,value-10-47,value-10-48,value-10-49,value-10-50,value-10-51
Cash at bank,100011,NZD,2026-05-31,value-11-1,value-11-2,value-11-3,value-11-4,value-11-5,value-11-6,value-11-7,value-11-8,value-11-9,value-11-10,value-11-11,value-11-12,value-11-13,value-11-14,value-11-15,value-11-16,value-11-17,value-11-18,value-11-19,value-11-20,value-11-21,value-11-22,value-11-23,value-11-24,value-11-25,value-11-26,value-11-27,value-11-28,value-11-29,value-11-30,value-11-31,value-11-32,value-11-33,value-11-34,value-11-35,value-11-36,value-11-37,value-11-38,value-11-39,value-11-40,value-11-41,value-11-42,value-11-43,value-11-44,value-11-45,value-11-46,value-11-47,value-11-48,value-11-49,value-11-50,value-11-51
Monthly revenue,100012,NZD,2026-05-31,value-12-1,value-12-2,value-12-3,value-12-4,value-12-5,value-12-6,value-12-7,value-12-8,value-12-9,value-12-10,value-12-11,value-12-12,value-12-13,value-12-14,value-12-15,value-12-16,value-12-17,value-12-18,value-12-19,value-12-20,value-12-21,value-12-22,value-12-23,value-12-24,value-12-25,value-12-26,value-12-27,value-12-28,value-12-29,value-12-30,value-12-31,value-12-32,value-12-33,value-12-34,value-12-35,value-12-36,value-12-37,value-12-38,value-12-39,value-12-40,value-12-41,value-12-42,value-12-43,value-12-44,value-12-45,value-12-46,value-12-47,value-12-48,value-12-49,value-12-50,value-12-51
Cash at bank,100013,NZD,2026-05-31,value-13-1,value-13-2,value-13-3,value-13-4,value-13-5,value-13-6,value-13-7,value-13-8,value-13-9,value-13-10,value-13-11,value-13-12,value-13-13,value-13-14,value-13-15,value-13-16,value-13-17,value-13-18,value-13-19,value-13-20,value-13-21,value-13-22,value-13-23,value-13-24,value-13-25,value-13-26,value-13-27,value-13-28,value-13-29,value-13-30,value-13-31,value-13-32,value-13-33,value-13-34,value-13-35,value-13-36,value-13-37,value-13-38,value-13-39,value-13-40,value-13-41,value-13-42,value-13-43,value-13-44,value-13-45,value-13-46,value-13-47,value-13-48,value-13-49,value-13-50,value-13-51
Monthly revenue,100014,NZD,2026-05-31,value-14-1,value-14-2,value-14-3,value-14-4,value-14-5,value-14-6,value-14-7,value-14-8,value-14-9,value-14-10,value-14-11,value-14-12,value-14-13,value-14-14,value-14-15,value-14-16,value-14-17,value-14-18,value-14-19,value-14-20,value-14-21,value-14-22,value-14-23,value-14-24,value-14-25,value-14-26,value-14-27,value-14-28,value-14-29,value-14-30,value-14-31,value-14-32,value-14-33,value-14-34,value-14-35,value-14-36,value-14-37,value-14-38,value-14-39,value-14-40,value-14-41,value-14-42,value-14-43,value-14-44,value-14-45,value-14-46,value-14-47,value-14-48,value-14-49,value-14-50,value-14-51
Cash at bank,100015,NZD,2026-05-31,value-15-1,value-15-2,value-15-3,value-15-4,value-15-5,value-15-6,value-15-7,value-15-8,value-15-9,value-15-10,value-15-11,value-15-12,value-15-13,value-15-14,value-15-15,value-15-16,value-15-17,value-15-18,value-15-19,value-15-20,value-15-21,value-15-22,value-15-23,value-15-24,value-15-25,value-15-26,value-15-27,value-15-28,value-15-29,value-15-30,value-15-31,value-15-32,value-15-33,value-15-34,value-15-35,value-15-36,value-15-37,value-15-38,value-15-39,value-15-40,value-15-41,value-15-42,value-15-43,value-15-44,value-15-45,value-15-46,value-15-47,value-15-48,value-15-49,value-15-50,value-15-51
Monthly revenue,100016,NZD,2026-05-31,value-16-1,value-16-2,value-16-3,value-16-4,value-16-5,value-16-6,value-16-7,value-16-8,value-16-9,value-16-10,value-16-11,value-16-12,value-16-13,value-16-14,value-16-15,value-16-16,value-16-17,value-16-18,value-16-19,value-16-20,value-16-21,value-16-22,value-16-23,value-16-24,value-16-25,value-16-26,value-16-27,value-16-28,value-16-29,value-16-30,value-16-31,value-16-32,value-16-33,value-16-34,value-16-35,value-16-36,value-16-37,value-16-38,value-16-39,value-16-40,value-16-41,value-16-42,value-16-43,value-16-44,value-16-45,value-16-46,value-16-47,value-16-48,value-16-49,value-16-50,value-16-51
Cash at bank,100017,NZD,2026-05-31,value-17-1,value-17-2,value-17-3,value-17-4,value-17-5,value-17-6,value-17-7,value-17-8,value-17-9,value-17-10,value-17-11,value-17-12,value-17-13,value-17-14,value-17-15,value-17-16,value-17-17,value-17-18,value-17-19,value-17-20,value-17-21,value-17-22,value-17-23,value-17-24,value-17-25,value-17-26,value-17-27,value-17-28,value-17-29,value-17-30,value-17-31,value-17-32,value-17-33,value-17-34,value-17-35,value-17-36,value-17-37,value-17-38,value-17-39,value-17-40,value-17-41,value-17-42,value-17-43,value-17-44,value-17-45,value-17-46,value-17-47,value-17-48,value-17-49,value-17-50,value-17-51
Monthly revenue,100018,NZD,2026-05-31,value-18-1,value-18-2,value-18-3,value-18-4,value-18-5,value-18-6,value-18-7,value-18-8,value-18-9,value-18-10,value-18-11,value-18-12,value-18-13,value-18-14,value-18-15,value-18-16,value-18-17,value-18-18,value-18-19,value-18-20,value-18-21,value-18-22,value-18-23,value-18-24,value-18-25,value-18-26,value-18-27,value-18-28,value-18-29,value-18-30,value-18-31,value-18-32,value-18-33,value-18-34,value-18-35,value-18-36,value-18-37,value-18-38,value-18-39,value-18-40,value-18-41,value-18-42,value-18-43,value-18-44,value-18-45,value-18-46,value-18-47,value-18-48,value-18-49,value-18-50,value-18-51
Cash at bank,100019,NZD,2026-05-31,value-19-1,value-19-2,value-19-3,value-19-4,value-19-5,value-19-6,value-19-7,value-19-8,value-19-9,value-19-10,value-19-11,value-19-12,value-19-13,value-19-14,value-19-15,value-19-16,value-19-17,value-19-18,value-19-19,value-19-20,value-19-21,value-19-22,value-19-23,value-19-24,value-19-25,value-19-26,value-19-27,value-19-28,value-19-29,value-19-30,value-19-31,value-19-32,value-19-33,value-19-34,value-19-35,value-19-36,value-19-37,value-19-38,value-19-39,value-19-40,value-19-41,value-19-42,value-19-43,value-19-44,value-19-45,value-19-46,value-19-47,value-19-48,value-19-49,value-19-50,value-19-51
Monthly revenue,100020,NZD,2026-05-31,value-20-1,value-20-2,value-20-3,value-20-4,value-20-5,value-20-6,value-20-7,value-20-8,value-20-9,value-20-10,value-20-11,value-20-12,value-20-13,value-20-14,value-20-15,value-20-16,value-20-17,value-20-18,value-20-19,value-20-20,value-20-21,value-20-22,value-20-23,value-20-24,value-20-25,value-20-26,value-20-27,value-20-28,value-20-29,value-20-30,value-20-31,value-20-32,value-20-33,value-20-34,value-20-35,value-20-36,value-20-37,value-20-38,value-20-39,value-20-40,value-20-41,value-20-42,value-20-43,value-20-44,value-20-45,value-20-46,value-20-47,value-20-48,value-20-49,value-20-50,value-20-51
Cash at bank,100021,NZD,2026-05-31,value-21-1,value-21-2,value-21-3,value-21-4,value-21-5,value-21-6,value-21-7,value-21-8,value-21-9,value-21-10,value-21-11,value-21-12,value-21-13,value-21-14,value-21-15,value-21-16,value-21-17,value-21-18,value-21-19,value-21-20,value-21-21,value-21-22,value-21-23,value-21-24,value-21-25,value-21-26,value-21-27,value-21-28,value-21-29,value-21-30,value-21-31,value-21-32,value-21-33,value-21-34,value-21-35,value-21-36,value-21-37,value-21-38,value-21-39,value-21-40,value-21-41,value-21-42,value-21-43,value-21-44,value-21-45,value-21-46,value-21-47,value-21-48,value-21-49,value-21-50,value-21-51
Monthly revenue,100022,NZD,2026-05-31,value-22-1,value-22-2,value-22-3,value-22-4,value-22-5,value-22-6,value-22-7,value-22-8,value-22-9,value-22-10,value-22-11,value-22-12,value-22-13,value-22-14,value-22-15,value-22-16,value-22-17,value-22-18,value-22-19,value-22-20,value-22-21,value-22-22,value-22-23,value-22-24,value-22-25,value-22-26,value-22-27,value-22-28,value-22-29,value-22-30,value-22-31,value-22-32,value-22-33,value-22-34,value-22-35,value-22-36,value-22-37,value-22-38,value-22-39,value-22-40,value-22-41,value-22-42,value-22-43,value-22-44,value-22-45,value-22-46,value-22-47,value-22-48,value-22-49,value-22-50,value-22-51
Cash at bank,100023,NZD,2026-05-31,value-23-1,value-23-2,value-23-3,value-23-4,value-23-5,value-23-6,value-23-7,value-23-8,value-23-9,value-23-10,value-23-11,value-23-12,value-23-13,value-23-14,value-23-15,value-23-16,value-23-17,value-23-18,value-23-19,value-23-20,value-23-21,value-23-22,value-23-23,value-23-24,value-23-25,value-23-26,value-23-27,value-23-28,value-23-29,value-23-30,value-23-31,value-23-32,value-23-33,value-23-34,value-23-35,value-23-36,value-23-37,value-23-38,value-23-39,value-23-40,value-23-41,value-23-42,value-23-43,value-23-44,value-23-45,value-23-46,value-23-47,value-23-48,value-23-49,value-23-50,value-23-51
Monthly revenue,100024,NZD,2026-05-31,value-24-1,value-24-2,value-24-3,value-24-4,value-24-5,value-24-6,value-24-7,value-24-8,value-24-9,value-24-10,value-24-11,value-24-12,value-24-13,value-24-14,value-24-15,value-24-16,value-24-17,value-24-18,value-24-19,value-24-20,value-24-21,value-24-22,value-24-23,value-24-24,value-24-25,value-24-26,value-24-27,value-24-28,value-24-29,value-24-30,value-24-31,value-24-32,value-24-33,value-24-34,value-24-35,value-24-36,value-24-37,value-24-38,value-24-39,value-24-40,value-24-41,value-24-42,value-24-43,value-24-44,value-24-45,value-24-46,value-24-47,value-24-48,value-24-49,value-24-50,value-24-51
Cash at bank,100025,NZD,2026-05-31,value-25-1,value-25-2,value-25-3,value-25-4,value-25-5,value-25-6,value-25-7,value-25-8,value-25-9,value-25-10,value-25-11,value-25-12,value-25-13,value-25-14,value-25-15,value-25-16,value-25-17,value-25-18,value-25-19,value-25-20,value-25-21,value-25-22,value-25-23,value-25-24,value-25-25,value-25-26,value-25-27,value-25-28,value-25-29,value-25-30,value-25-31,value-25-32,value-25-33,value-25-34,value-25-35,value-25-36,value-25-37,value-25-38,value-25-39,value-25-40,value-25-41,value-25-42,value-25-43,value-25-44,value-25-45,value-25-46,value-25-47,value-25-48,value-25-49,value-25-50,value-25-51
Monthly revenue,100026,NZD,2026-05-31,value-26-1,value-26-2,value-26-3,value-26-4,value-26-5,value-26-6,value-26-7,value-26-8,value-26-9,value-26-10,value-26-11,value-26-12,value-26-13,value-26-14,value-26-15,value-26-16,value-26-17,value-26-18,value-26-19,value-26-20,value-26-21,value-26-22,value-26-23,value-26-24,value-26-25,value-26-26,value-26-27,value-26-28,value-26-29,value-26-30,value-26-31,value-26-32,value-26-33,value-26-34,value-26-35,value-26-36,value-26-37,value-26-38,value-26-39,value-26-40,value-26-41,value-26-42,value-26-43,value-26-44,value-26-45,value-26-46,value-26-47,value-26-48,value-26-49,value-26-50,value-26-51
Cash at bank,100027,NZD,2026-05-31,value-27-1,value-27-2,value-27-3,value-27-4,value-27-5,value-27-6,value-27-7,value-27-8,value-27-9,value-27-10,value-27-11,value-27-12,value-27-13,value-27-14,value-27-15,value-27-16,value-27-17,value-27-18,value-27-19,value-27-20,value-27-21,value-27-22,value-27-23,value-27-24,value-27-25,value-27-26,value-27-27,value-27-28,value-27-29,value-27-30,value-27-31,value-27-32,value-27-33,value-27-34,value-27-35,value-27-36,value-27-37,value-27-38,value-27-39,value-27-40,value-27-41,value-27-42,value-27-43,value-27-44,value-27-45,value-27-46,value-27-47,value-27-48,value-27-49,value-27-50,value-27-51
Monthly revenue,100028,NZD,2026-05-31,value-28-1,value-28-2,value-28-3,value-28-4,value-28-5,value-28-6,value-28-7,value-28-8,value-28-9,value-28-10,value-28-11,value-28-12,value-28-13,value-28-14,value-28-15,value-28-16,value-28-17,value-28-18,value-28-19,value-28-20,value-28-21,value-28-22,value-28-23,value-28-24,value-28-25,value-28-26,value-28-27,value-28-28,value-28-29,value-28-30,value-28-31,value-28-32,value-28-33,value-28-34,value-28-35,value-28-36,value-28-37,value-28-38,value-28-39,value-28-40,value-28-41,value-28-42,value-28-43,value-28-44,value-28-45,value-28-46,value-28-47,value-28-48,value-28-49,value-28-50,value-28-51
Cash at bank,100029,NZD,2026-05-31,value-29-1,value-29-2,value-29-3,value-29-4,value-29-5,value-29-6,value-29-7,value-29-8,value-29-9,value-29-10,value-29-11,value-29-12,value-29-13,value-29-14,value-29-15,value-29-16,value-29-17,value-29-18,value-29-19,value-29-20,value-29-21,value-29-22,value-29-23,value-29-24,value-29-25,value-29-26,value-29-27,value-29-28,value-29-29,value-29-30,value-29-31,value-29-32,value-29-33,value-29-34,value-29-35,value-29-36,value-29-37,value-29-38,value-29-39,value-29-40,value-29-41,value-29-42,value-29-43,value-29-44,value-29-45,value-29-46,value-29-47,value-29-48,value-29-49,value-29-50,value-29-51
Monthly revenue,100030,NZD,2026-05-31,value-30-1,value-30-2,value-30-3,value-30-4,value-30-5,value-30-6,value-30-7,value-30-8,value-30-9,value-30-10,value-30-11,value-30-12,value-30-13,value-30-14,value-30-15,value-30-16,value-30-17,value-30-18,value-30-19,value-30-20,value-30-21,value-30-22,value-30-23,value-30-24,value-30-25,value-30-26,value-30-27,value-30-28,value-30-29,value-30-30,value-30-31,value-30-32,value-30-33,value-30-34,value-30-35,value-30-36,value-30-37,value-30-38,value-30-39,value-30-40,value-30-41,value-30-42,value-30-43,value-30-44,value-30-45,value-30-46,value-30-47,value-30-48,value-30-49,value-30-50,value-30-51
Cash at bank,100031,NZD,2026-05-31,value-31-1,value-31-2,value-31-3,value-31-4,value-31-5,value-31-6,value-31-7,value-31-8,value-31-9,value-31-10,value-31-11,value-31-12,value-31-13,value-31-14,value-31-15,value-31-16,value-31-17,value-31-18,value-31-19,value-31-20,value-31-21,value-31-22,value-31-23,value-31-24,value-31-25,value-31-26,value-31-27,value-31-28,value-31-29,value-31-30,value-31-31,value-31-32,value-31-33,value-31-34,value-31-35,value-31-36,value-31-37,value-31-38,value-31-39,value-31-40,value-31-41,value-31-42,value-31-43,value-31-44,value-31-45,value-31-46,value-31-47,value-31-48,value-31-49,value-31-50,value-31-51
Monthly revenue,100032,NZD,2026-05-31,value-32-1,value-32-2,value-32-3,value-32-4,value-32-5,value-32-6,value-32-7,value-32-8,value-32-9,value-32-10,value-32-11,value-32-12,value-32-13,value-32-14,value-32-15,value-32-16,value-32-17,value-32-18,value-32-19,value-32-20,value-32-21,value-32-22,value-32-23,value-32-24,value-32-25,value-32-26,value-32-27,value-32-28,value-32-29,value-32-30,value-32-31,value-32-32,value-32-33,value-32-34,value-32-35,value-32-36,value-32-37,value-32-38,value-32-39,value-32-40,value-32-41,value-32-42,value-32-43,value-32-44,value-32-45,value-32-46,value-32-47,value-32-48,value-32-49,value-32-50,value-32-51
Cash at bank,100033,NZD,2026-05-31,value-33-1,value-33-2,value-33-3,value-33-4,value-33-5,value-33-6,value-33-7,value-33-8,value-33-9,value-33-10,value-33-11,value-33-12,value-33-13,value-33-14,value-33-15,value-33-16,value-33-17,value-33-18,value-33-19,value-33-20,value-33-21,value-33-22,value-33-23,value-33-24,value-33-25,value-33-26,value-33-27,value-33-28,value-33-29,value-33-30,value-33-31,value-33-32,value-33-33,value-33-34,value-33-35,value-33-36,value-33-37,value-33-38,value-33-39,value-33-40,value-33-41,value-33-42,value-33-43,value-33-44,value-33-45,value-33-46,value-33-47,value-33-48,value-33-49,value-33-50,value-33-51
Monthly revenue,100034,NZD,2026-05-31,value-34-1,value-34-2,value-34-3,value-34-4,value-34-5,value-34-6,value-34-7,value-34-8,value-34-9,value-34-10,value-34-11,value-34-12,value-34-13,value-34-14,value-34-15,value-34-16,value-34-17,value-34-18,value-34-19,value-34-20,value-34-21,value-34-22,value-34-23,value-34-24,value-34-25,value-34-26,value-34-27,value-34-28,value-34-29,value-34-30,value-34-31,value-34-32,value-34-33,value-34-34,value-34-35,value-34-36,value-34-37,value-34-38,value-34-39,value-34-40,value-34-41,value-34-42,value-34-43,value-34-44,value-34-45,value-34-46,value-34-47,value-34-48,value-34-49,value-34-50,value-34-51
Cash at bank,100035,NZD,2026-05-31,value-35-1,value-35-2,value-35-3,value-35-4,value-35-5,value-35-6,value-35-7,value-35-8,value-35-9,value-35-10,value-35-11,value-35-12,value-35-13,value-35-14,value-35-15,value-35-16,value-35-17,value-35-18,value-35-19,value-35-20,value-35-21,value-35-22,value-35-23,value-35-24,value-35-25,value-35-26,value-35-27,value-35-28,value-35-29,value-35-30,value-35-31,value-35-32,value-35-33,value-35-34,value-35-35,value-35-36,value-35-37,value-35-38,value-35-39,value-35-40,value-35-41,value-35-42,value-35-43,value-35-44,value-35-45,value-35-46,value-35-47,value-35-48,value-35-49,value-35-50,value-35-51
Monthly revenue,100036,NZD,2026-05-31,value-36-1,value-36-2,value-36-3,value-36-4,value-36-5,value-36-6,value-36-7,value-36-8,value-36-9,value-36-10,value-36-11,value-36-12,value-36-13,value-36-14,value-36-15,value-36-16,value-36-17,value-36-18,value-36-19,value-36-20,value-36-21,value-36-22,value-36-23,value-36-24,value-36-25,value-36-26,value-36-27,value-36-28,value-36-29,value-36-30,value-36-31,value-36-32,value-36-33,value-36-34,value-36-35,value-36-36,value-36-37,value-36-38,value-36-39,value-36-40,value-36-41,value-36-42,value-36-43,value-36-44,value-36-45,value-36-46,value-36-47,value-36-48,value-36-49,value-36-50,value-36-51
Cash at bank,100037,NZD,2026-05-31,value-37-1,value-37-2,value-37-3,value-37-4,value-37-5,value-37-6,value-37-7,value-37-8,value-37-9,value-37-10,value-37-11,value-37-12,value-37-13,value-37-14,value-37-15,value-37-16,value-37-17,value-37-18,value-37-19,value-37-20,value-37-21,value-37-22,value-37-23,value-37-24,value-37-25,value-37-26,value-37-27,value-37-28,value-37-29,value-37-30,value-37-31,value-37-32,value-37-33,value-37-34,value-37-35,value-37-36,value-37-37,value-37-38,value-37-39,value-37-40,value-37-41,value-37-42,value-37-43,value-37-44,value-37-45,value-37-46,value-37-47,value-37-48,value-37-49,value-37-50,value-37-51
Monthly revenue,100038,NZD,2026-05-31,value-38-1,value-38-2,value-38-3,value-38-4,value-38-5,value-38-6,value-38-7,value-38-8,value-38-9,value-38-10,value-38-11,value-38-12,value-38-13,value-38-14,value-38-15,value-38-16,value-38-17,value-38-18,value-38-19,value-38-20,value-38-21,value-38-22,value-38-23,value-38-24,value-38-25,value-38-26,value-38-27,value-38-28,value-38-29,value-38-30,value-38-31,value-38-32,value-38-33,value-38-34,value-38-35,value-38-36,value-38-37,value-38-38,value-38-39,value-38-40,value-38-41,value-38-42,value-38-43,value-38-44,value-38-45,value-38-46,value-38-47,value-38-48,value-38-49,value-38-50,value-38-51
Cash at bank,100039,NZD,2026-05-31,value-39-1,value-39-2,value-39-3,value-39-4,value-39-5,value-39-6,value-39-7,value-39-8,value-39-9,value-39-10,value-39-11,value-39-12,value-39-13,value-39-14,value-39-15,value-39-16,value-39-17,value-39-18,value-39-19,value-39-20,value-39-21,value-39-22,value-39-23,value-39-24,value-39-25,value-39-26,value-39-27,value-39-28,value-39-29,value-39-30,value-39-31,value-39-32,value-39-33,value-39-34,value-39-35,value-39-36,value-39-37,value-39-38,value-39-39,value-39-40,value-39-41,value-39-42,value-39-43,value-39-44,value-39-45,value-39-46,value-39-47,value-39-48,value-39-49,value-39-50,value-39-51
Monthly revenue,100040,NZD,2026-05-31,value-40-1,value-40-2,value-40-3,value-40-4,value-40-5,value-40-6,value-40-7,value-40-8,value-40-9,value-40-10,value-40-11,value-40-12,value-40-13,value-40-14,value-40-15,value-40-16,value-40-17,value-40-18,value-40-19,value-40-20,value-40-21,value-40-22,value-40-23,value-40-24,value-40-25,value-40-26,value-40-27,value-40-28,value-40-29,value-40-30,value-40-31,value-40-32,value-40-33,value-40-34,value-40-35,value-40-36,value-40-37,value-40-38,value-40-39,value-40-40,value-40-41,value-40-42,value-40-43,value-40-44,value-40-45,value-40-46,value-40-47,value-40-48,value-40-49,value-40-50,value-40-51
Cash at bank,100041,NZD,2026-05-31,value-41-1,value-41-2,value-41-3,value-41-4,value-41-5,value-41-6,value-41-7,value-41-8,value-41-9,value-41-10,value-41-11,value-41-12,value-41-13,value-41-14,value-41-15,value-41-16,value-41-17,value-41-18,value-41-19,value-41-20,value-41-21,value-41-22,value-41-23,value-41-24,value-41-25,value-41-26,value-41-27,value-41-28,value-41-29,value-41-30,value-41-31,value-41-32,value-41-33,value-41-34,value-41-35,value-41-36,value-41-37,value-41-38,value-41-39,value-41-40,value-41-41,value-41-42,value-41-43,value-41-44,value-41-45,value-41-46,value-41-47,value-41-48,value-41-49,value-41-50,value-41-51
Monthly revenue,100042,NZD,2026-05-31,value-42-1,value-42-2,value-42-3,value-42-4,value-42-5,value-42-6,value-42-7,value-42-8,value-42-9,value-42-10,value-42-11,value-42-12,value-42-13,value-42-14,value-42-15,value-42-16,value-42-17,value-42-18,value-42-19,value-42-20,value-42-21,value-42-22,value-42-23,value-42-24,value-42-25,value-42-26,value-42-27,value-42-28,value-42-29,value-42-30,value-42-31,value-42-32,value-42-33,value-42-34,value-42-35,value-42-36,value-42-37,value-42-38,value-42-39,value-42-40,value-42-41,value-42-42,value-42-43,value-42-44,value-42-45,value-42-46,value-42-47,value-42-48,value-42-49,value-42-50,value-42-51
Cash at bank,100043,NZD,2026-05-31,value-43-1,value-43-2,value-43-3,value-43-4,value-43-5,value-43-6,value-43-7,value-43-8,value-43-9,value-43-10,value-43-11,value-43-12,value-43-13,value-43-14,value-43-15,value-43-16,value-43-17,value-43-18,value-43-19,value-43-20,value-43-21,value-43-22,value-43-23,value-43-24,value-43-25,value-43-26,value-43-27,value-43-28,value-43-29,value-43-30,value-43-31,value-43-32,value-43-33,value-43-34,value-43-35,value-43-36,value-43-37,value-43-38,value-43-39,value-43-40,value-43-41,value-43-42,value-43-43,value-43-44,value-43-45,value-43-46,value-43-47,value-43-48,value-43-49,value-43-50,value-43-51
Monthly revenue,100044,NZD,2026-05-31,value-44-1,value-44-2,value-44-3,value-44-4,value-44-5,value-44-6,value-44-7,value-44-8,value-44-9,value-44-10,value-44-11,value-44-12,value-44-13,value-44-14,value-44-15,value-44-16,value-44-17,value-44-18,value-44-19,value-44-20,value-44-21,value-44-22,value-44-23,value-44-24,value-44-25,value-44-26,value-44-27,value-44-28,value-44-29,value-44-30,value-44-31,value-44-32,value-44-33,value-44-34,value-44-35,value-44-36,value-44-37,value-44-38,value-44-39,value-44-40,value-44-41,value-44-42,value-44-43,value-44-44,value-44-45,value-44-46,value-44-47,value-44-48,value-44-49,value-44-50,value-44-51
Cash at bank,100045,NZD,2026-05-31,value-45-1,value-45-2,value-45-3,value-45-4,value-45-5,value-45-6,value-45-7,value-45-8,value-45-9,value-45-10,value-45-11,value-45-12,value-45-13,value-45-14,value-45-15,value-45-16,value-45-17,value-45-18,value-45-19,value-45-20,value-45-21,value-45-22,value-45-23,value-45-24,value-45-25,value-45-26,value-45-27,value-45-28,value-45-29,value-45-30,value-45-31,value-45-32,value-45-33,value-45-34,value-45-35,value-45-36,value-45-37,value-45-38,value-45-39,value-45-40,value-45-41,value-45-42,value-45-43,value-45-44,value-45-45,value-45-46,value-45-47,value-45-48,value-45-49,value-45-50,value-45-51
Monthly revenue,100046,NZD,2026-05-31,value-46-1,value-46-2,value-46-3,value-46-4,value-46-5,value-46-6,value-46-7,value-46-8,value-46-9,value-46-10,value-46-11,value-46-12,value-46-13,value-46-14,value-46-15,value-46-16,value-46-17,value-46-18,value-46-19,value-46-20,value-46-21,value-46-22,value-46-23,value-46-24,value-46-25,value-46-26,value-46-27,value-46-28,value-46-29,value-46-30,value-46-31,value-46-32,value-46-33,value-46-34,value-46-35,value-46-36,value-46-37,value-46-38,value-46-39,value-46-40,value-46-41,value-46-42,value-46-43,value-46-44,value-46-45,value-46-46,value-46-47,value-46-48,value-46-49,value-46-50,value-46-51
Cash at bank,100047,NZD,2026-05-31,value-47-1,value-47-2,value-47-3,value-47-4,value-47-5,value-47-6,value-47-7,value-47-8,value-47-9,value-47-10,value-47-11,value-47-12,value-47-13,value-47-14,value-47-15,value-47-16,value-47-17,value-47-18,value-47-19,value-47-20,value-47-21,value-47-22,value-47-23,value-47-24,value-47-25,value-47-26,value-47-27,value-47-28,value-47-29,value-47-30,value-47-31,value-47-32,value-47-33,value-47-34,value-47-35,value-47-36,value-47-37,value-47-38,value-47-39,value-47-40,value-47-41,value-47-42,value-47-43,value-47-44,value-47-45,value-47-46,value-47-47,value-47-48,value-47-49,value-47-50,value-47-51
Monthly revenue,100048,NZD,2026-05-31,value-48-1,value-48-2,value-48-3,value-48-4,value-48-5,value-48-6,value-48-7,value-48-8,value-48-9,value-48-10,value-48-11,value-48-12,value-48-13,value-48-14,value-48-15,value-48-16,value-48-17,value-48-18,value-48-19,value-48-20,value-48-21,value-48-22,value-48-23,value-48-24,value-48-25,value-48-26,value-48-27,value-48-28,value-48-29,value-48-30,value-48-31,value-48-32,value-48-33,value-48-34,value-48-35,value-48-36,value-48-37,value-48-38,value-48-39,value-48-40,value-48-41,value-48-42,value-48-43,value-48-44,value-48-45,value-48-46,value-48-47,value-48-48,value-48-49,value-48-50,value-48-51
Cash at bank,100049,NZD,2026-05-31,value-49-1,value-49-2,value-49-3,value-49-4,value-49-5,value-49-6,value-49-7,value-49-8,value-49-9,value-49-10,value-49-11,value-49-12,value-49-13,value-49-14,value-49-15,value-49-16,value-49-17,value-49-18,value-49-19,value-49-20,value-49-21,value-49-22,value-49-23,value-49-24,value-49-25,value-49-26,value-49-27,value-49-28,value-49-29,value-49-30,value-49-31,value-49-32,value-49-33,value-49-34,value-49-35,value-49-36,value-49-37,value-49-38,value-49-39,value-49-40,value-49-41,value-49-42,value-49-43,value-49-44,value-49-45,value-49-46,value-49-47,value-49-48,value-49-49,value-49-50,value-49-51
Monthly revenue,100050,NZD,2026-05-31,value-50-1,value-50-2,value-50-3,value-50-4,value-50-5,value-50-6,value-50-7,value-50-8,value-50-9,value-50-10,value-50-11,value-50-12,value-50-13,value-50-14,value-50-15,value-50-16,value-50-17,value-50-18,value-50-19,value-50-20,value-50-21,value-50-22,value-50-23,value-50-24,value-50-25,value-50-26,value-50-27,value-50-28,value-50-29,value-50-30,value-50-31,value-50-32,value-50-33,value-50-34,value-50-35,value-50-36,value-50-37,value-50-38,value-50-39,value-50-40,value-50-41,value-50-42,value-50-43,value-50-44,value-50-45,value-50-46,value-50-47,value-50-48,value-50-49,value-50-50,value-50-51
Cash at bank,100051,NZD,2026-05-31,value-51-1,value-51-2,value-51-3,value-51-4,value-51-5,value-51-6,value-51-7,value-51-8,value-51-9,value-51-10,value-51-11,value-51-12,value-51-13,value-51-14,value-51-15,value-51-16,value-51-17,value-51-18,value-51-19,value-51-20,value-51-21,value-51-22,value-51-23,value-51-24,value-51-25,value-51-26,value-51-27,value-51-28,value-51-29,value-51-30,value-51-31,value-51-32,value-51-33,value-51-34,value-51-35,value-51-36,value-51-37,value-51-38,value-51-39,value-51-40,value-51-41,value-51-42,value-51-43,value-51-44,value-51-45,value-51-46,value-51-47,value-51-48,value-51-49,value-51-50,value-51-51
Monthly revenue,100052,NZD,2026-05-31,value-52-1,value-52-2,value-52-3,value-52-4,value-52-5,value-52-6,value-52-7,value-52-8,value-52-9,value-52-10,value-52-11,value-52-12,value-52-13,value-52-14,value-52-15,value-52-16,value-52-17,value-52-18,value-52-19,value-52-20,value-52-21,value-52-22,value-52-23,value-52-24,value-52-25,value-52-26,value-52-27,value-52-28,value-52-29,value-52-30,value-52-31,value-52-32,value-52-33,value-52-34,value-52-35,value-52-36,value-52-37,value-52-38,value-52-39,value-52-40,value-52-41,value-52-42,value-52-43,value-52-44,value-52-45,value-52-46,value-52-47,value-52-48,value-52-49,value-52-50,value-52-51
Cash at bank,100053,NZD,2026-05-31,value-53-1,value-53-2,value-53-3,value-53-4,value-53-5,value-53-6,value-53-7,value-53-8,value-53-9,value-53-10,value-53-11,value-53-12,value-53-13,value-53-14,value-53-15,value-53-16,value-53-17,value-53-18,value-53-19,value-53-20,value-53-21,value-53-22,value-53-23,value-53-24,value-53-25,value-53-26,value-53-27,value-53-28,value-53-29,value-53-30,value-53-31,value-53-32,value-53-33,value-53-34,value-53-35,value-53-36,value-53-37,value-53-38,value-53-39,value-53-40,value-53-41,value-53-42,value-53-43,value-53-44,value-53-45,value-53-46,value-53-47,value-53-48,value-53-49,value-53-50,value-53-51
Monthly revenue,100054,NZD,2026-05-31,value-54-1,value-54-2,value-54-3,value-54-4,value-54-5,value-54-6,value-54-7,value-54-8,value-54-9,value-54-10,value-54-11,value-54-12,value-54-13,value-54-14,value-54-15,value-54-16,value-54-17,value-54-18,value-54-19,value-54-20,value-54-21,value-54-22,value-54-23,value-54-24,value-54-25,value-54-26,value-54-27,value-54-28,value-54-29,value-54-30,value-54-31,value-54-32,value-54-33,value-54-34,value-54-35,value-54-36,value-54-37,value-54-38,value-54-39,value-54-40,value-54-41,value-54-42,value-54-43,value-54-44,value-54-45,value-54-46,value-54-47,value-54-48,value-54-49,value-54-50,value-54-51
Cash at bank,100055,NZD,2026-05-31,value-55-1,value-55-2,value-55-3,value-55-4,value-55-5,value-55-6,value-55-7,value-55-8,value-55-9,value-55-10,value-55-11,value-55-12,value-55-13,value-55-14,value-55-15,value-55-16,value-55-17,value-55-18,value-55-19,value-55-20,value-55-21,value-55-22,value-55-23,value-55-24,value-55-25,value-55-26,value-55-27,value-55-28,value-55-29,value-55-30,value-55-31,value-55-32,value-55-33,value-55-34,value-55-35,value-55-36,value-55-37,value-55-38,value-55-39,value-55-40,value-55-41,value-55-42,value-55-43,value-55-44,value-55-45,value-55-46,value-55-47,value-55-48,value-55-49,value-55-50,value-55-51
Monthly revenue,100056,NZD,2026-05-31,value-56-1,value-56-2,value-56-3,value-56-4,value-56-5,value-56-6,value-56-7,value-56-8,value-56-9,value-56-10,value-56-11,value-56-12,value-56-13,value-56-14,value-56-15,value-56-16,value-56-17,value-56-18,value-56-19,value-56-20,value-56-21,value-56-22,value-56-23,value-56-24,value-56-25,value-56-26,value-56-27,value-56-28,value-56-29,value-56-30,value-56-31,value-56-32,value-56-33,value-56-34,value-56-35,value-56-36,value-56-37,value-56-38,value-56-39,value-56-40,value-56-41,value-56-42,value-56-43,value-56-44,value-56-45,value-56-46,value-56-47,value-56-48,value-56-49,value-56-50,value-56-51
Cash at bank,100057,NZD,2026-05-31,value-57-1,value-57-2,value-57-3,value-57-4,value-57-5,value-57-6,value-57-7,value-57-8,value-57-9,value-57-10,value-57-11,value-57-12,value-57-13,value-57-14,value-57-15,value-57-16,value-57-17,value-57-18,value-57-19,value-57-20,value-57-21,value-57-22,value-57-23,value-57-24,value-57-25,value-57-26,value-57-27,value-57-28,value-57-29,value-57-30,value-57-31,value-57-32,value-57-33,value-57-34,value-57-35,value-57-36,value-57-37,value-57-38,value-57-39,value-57-40,value-57-41,value-57-42,value-57-43,value-57-44,value-57-45,value-57-46,value-57-47,value-57-48,value-57-49,value-57-50,value-57-51
Monthly revenue,100058,NZD,2026-05-31,value-58-1,value-58-2,value-58-3,value-58-4,value-58-5,value-58-6,value-58-7,value-58-8,value-58-9,value-58-10,value-58-11,value-58-12,value-58-13,value-58-14,value-58-15,value-58-16,value-58-17,value-58-18,value-58-19,value-58-20,value-58-21,value-58-22,value-58-23,value-58-24,value-58-25,value-58-26,value-58-27,value-58-28,value-58-29,value-58-30,value-58-31,value-58-32,value-58-33,value-58-34,value-58-35,value-58-36,value-58-37,value-58-38,value-58-39,value-58-40,value-58-41,value-58-42,value-58-43,value-58-44,value-58-45,value-58-46,value-58-47,value-58-48,value-58-49,value-58-50,value-58-51
Cash at bank,100059,NZD,2026-05-31,value-59-1,value-59-2,value-59-3,value-59-4,value-59-5,value-59-6,value-59-7,value-59-8,value-59-9,value-59-10,value-59-11,value-59-12,value-59-13,value-59-14,value-59-15,value-59-16,value-59-17,value-59-18,value-59-19,value-59-20,value-59-21,value-59-22,value-59-23,value-59-24,value-59-25,value-59-26,value-59-27,value-59-28,value-59-29,value-59-30,value-59-31,value-59-32,value-59-33,value-59-34,value-59-35,value-59-36,value-59-37,value-59-38,value-59-39,value-59-40,value-59-41,value-59-42,value-59-43,value-59-44,value-59-45,value-59-46,value-59-47,value-59-48,value-59-49,value-59-50,value-59-51
Monthly revenue,100060,NZD,2026-05-31,value-60-1,value-60-2,value-60-3,value-60-4,value-60-5,value-60-6,value-60-7,value-60-8,value-60-9,value-60-10,value-60-11,value-60-12,value-60-13,value-60-14,value-60-15,value-60-16,value-60-17,value-60-18,value-60-19,value-60-20,value-60-21,value-60-22,value-60-23,value-60-24,value-60-25,value-60-26,value-60-27,value-60-28,value-60-29,value-60-30,value-60-31,value-60-32,value-60-33,value-60-34,value-60-35,value-60-36,value-60-37,value-60-38,value-60-39,value-60-40,value-60-41,value-60-42,value-60-43,value-60-44,value-60-45,value-60-46,value-60-47,value-60-48,value-60-49,value-60-50,value-60-51
Cash at bank,100061,NZD,2026-05-31,value-61-1,value-61-2,value-61-3,value-61-4,value-61-5,value-61-6,value-61-7,value-61-8,value-61-9,value-61-10,value-61-11,value-61-12,value-61-13,value-61-14,value-61-15,value-61-16,value-61-17,value-61-18,value-61-19,value-61-20,value-61-21,value-61-22,value-61-23,value-61-24,value-61-25,value-61-26,value-61-27,value-61-28,value-61-29,value-61-30,value-61-31,value-61-32,value-61-33,value-61-34,value-61-35,value-61-36,value-61-37,value-61-38,value-61-39,value-61-40,value-61-41,value-61-42,value-61-43,value-61-44,value-61-45,value-61-46,value-61-47,value-61-48,value-61-49,value-61-50,value-61-51
Monthly revenue,100062,NZD,2026-05-31,value-62-1,value-62-2,value-62-3,value-62-4,value-62-5,value-62-6,value-62-7,value-62-8,value-62-9,value-62-10,value-62-11,value-62-12,value-62-13,value-62-14,value-62-15,value-62-16,value-62-17,value-62-18,value-62-19,value-62-20,value-62-21,value-62-22,value-62-23,value-62-24,value-62-25,value-62-26,value-62-27,value-62-28,value-62-29,value-62-30,value-62-31,value-62-32,value-62-33,value-62-34,value-62-35,value-62-36,value-62-37,value-62-38,value-62-39,value-62-40,value-62-41,value-62-42,value-62-43,value-62-44,value-62-45,value-62-46,value-62-47,value-62-48,value-62-49,value-62-50,value-62-51
Cash at bank,100063,NZD,2026-05-31,value-63-1,value-63-2,value-63-3,value-63-4,value-63-5,value-63-6,value-63-7,value-63-8,value-63-9,value-63-10,value-63-11,value-63-12,value-63-13,value-63-14,value-63-15,value-63-16,value-63-17,value-63-18,value-63-19,value-63-20,value-63-21,value-63-22,value-63-23,value-63-24,value-63-25,value-63-26,value-63-27,value-63-28,value-63-29,value-63-30,value-63-31,value-63-32,value-63-33,value-63-34,value-63-35,value-63-36,value-63-37,value-63-38,value-63-39,value-63-40,value-63-41,value-63-42,value-63-43,value-63-44,value-63-45,value-63-46,value-63-47,value-63-48,value-63-49,value-63-50,value-63-51
Monthly revenue,100064,NZD,2026-05-31,value-64-1,value-64-2,value-64-3,value-64-4,value-64-5,value-64-6,value-64-7,value-64-8,value-64-9,value-64-10,value-64-11,value-64-12,value-64-13,value-64-14,value-64-15,value-64-16,value-64-17,value-64-18,value-64-19,value-64-20,value-64-21,value-64-22,value-64-23,value-64-24,value-64-25,value-64-26,value-64-27,value-64-28,value-64-29,value-64-30,value-64-31,value-64-32,value-64-33,value-64-34,value-64-35,value-64-36,value-64-37,value-64-38,value-64-39,value-64-40,value-64-41,value-64-42,value-64-43,value-64-44,value-64-45,value-64-46,value-64-47,value-64-48,value-64-49,value-64-50,value-64-51
Cash at bank,100065,NZD,2026-05-31,value-65-1,value-65-2,value-65-3,value-65-4,value-65-5,value-65-6,value-65-7,value-65-8,value-65-9,value-65-10,value-65-11,value-65-12,value-65-13,value-65-14,value-65-15,value-65-16,value-65-17,value-65-18,value-65-19,value-65-20,value-65-21,value-65-22,value-65-23,value-65-24,value-65-25,value-65-26,value-65-27,value-65-28,value-65-29,value-65-30,value-65-31,value-65-32,value-65-33,value-65-34,value-65-35,value-65-36,value-65-37,value-65-38,value-65-39,value-65-40,value-65-41,value-65-42,value-65-43,value-65-44,value-65-45,value-65-46,value-65-47,value-65-48,value-65-49,value-65-50,value-65-51
Monthly revenue,100066,NZD,2026-05-31,value-66-1,value-66-2,value-66-3,value-66-4,value-66-5,value-66-6,value-66-7,value-66-8,value-66-9,value-66-10,value-66-11,value-66-12,value-66-13,value-66-14,value-66-15,value-66-16,value-66-17,value-66-18,value-66-19,value-66-20,value-66-21,value-66-22,value-66-23,value-66-24,value-66-25,value-66-26,value-66-27,value-66-28,value-66-29,value-66-30,value-66-31,value-66-32,value-66-33,value-66-34,value-66-35,value-66-36,value-66-37,value-66-38,value-66-39,value-66-40,value-66-41,value-66-42,value-66-43,value-66-44,value-66-45,value-66-46,value-66-47,value-66-48,value-66-49,value-66-50,value-66-51
Cash at bank,100067,NZD,2026-05-31,value-67-1,value-67-2,value-67-3,value-67-4,value-67-5,value-67-6,value-67-7,value-67-8,value-67-9,value-67-10,value-67-11,value-67-12,value-67-13,value-67-14,value-67-15,value-67-16,value-67-17,value-67-18,value-67-19,value-67-20,value-67-21,value-67-22,value-67-23,value-67-24,value-67-25,value-67-26,value-67-27,value-67-28,value-67-29,value-67-30,value-67-31,value-67-32,value-67-33,value-67-34,value-67-35,value-67-36,value-67-37,value-67-38,value-67-39,value-67-40,value-67-41,value-67-42,value-67-43,value-67-44,value-67-45,value-67-46,value-67-47,value-67-48,value-67-49,value-67-50,value-67-51
Monthly revenue,100068,NZD,2026-05-31,value-68-1,value-68-2,value-68-3,value-68-4,value-68-5,value-68-6,value-68-7,value-68-8,value-68-9,value-68-10,value-68-11,value-68-12,value-68-13,value-68-14,value-68-15,value-68-16,value-68-17,value-68-18,value-68-19,value-68-20,value-68-21,value-68-22,value-68-23,value-68-24,value-68-25,value-68-26,value-68-27,value-68-28,value-68-29,value-68-30,value-68-31,value-68-32,value-68-33,value-68-34,value-68-35,value-68-36,value-68-37,value-68-38,value-68-39,value-68-40,value-68-41,value-68-42,value-68-43,value-68-44,value-68-45,value-68-46,value-68-47,value-68-48,value-68-49,value-68-50,value-68-51
Cash at bank,100069,NZD,2026-05-31,value-69-1,value-69-2,value-69-3,value-69-4,value-69-5,value-69-6,value-69-7,value-69-8,value-69-9,value-69-10,value-69-11,value-69-12,value-69-13,value-69-14,value-69-15,value-69-16,value-69-17,value-69-18,value-69-19,value-69-20,value-69-21,value-69-22,value-69-23,value-69-24,value-69-25,value-69-26,value-69-27,value-69-28,value-69-29,value-69-30,value-69-31,value-69-32,value-69-33,value-69-34,value-69-35,value-69-36,value-69-37,value-69-38,value-69-39,value-69-40,value-69-41,value-69-42,value-69-43,value-69-44,value-69-45,value-69-46,value-69-47,value-69-48,value-69-49,value-69-50,value-69-51
Monthly revenue,100070,NZD,2026-05-31,value-70-1,value-70-2,value-70-3,value-70-4,value-70-5,value-70-6,value-70-7,value-70-8,value-70-9,value-70-10,value-70-11,value-70-12,value-70-13,value-70-14,value-70-15,value-70-16,value-70-17,value-70-18,value-70-19,value-70-20,value-70-21,value-70-22,value-70-23,value-70-24,value-70-25,value-70-26,value-70-27,value-70-28,value-70-29,value-70-30,value-70-31,value-70-32,value-70-33,value-70-34,value-70-35,value-70-36,value-70-37,value-70-38,value-70-39,value-70-40,value-70-41,value-70-42,value-70-43,value-70-44,value-70-45,value-70-46,value-70-47,value-70-48,value-70-49,value-70-50,value-70-51
Cash at bank,100071,NZD,2026-05-31,value-71-1,value-71-2,value-71-3,value-71-4,value-71-5,value-71-6,value-71-7,value-71-8,value-71-9,value-71-10,value-71-11,value-71-12,value-71-13,value-71-14,value-71-15,value-71-16,value-71-17,value-71-18,value-71-19,value-71-20,value-71-21,value-71-22,value-71-23,value-71-24,value-71-25,value-71-26,value-71-27,value-71-28,value-71-29,value-71-30,value-71-31,value-71-32,value-71-33,value-71-34,value-71-35,value-71-36,value-71-37,value-71-38,value-71-39,value-71-40,value-71-41,value-71-42,value-71-43,value-71-44,value-71-45,value-71-46,value-71-47,value-71-48,value-71-49,value-71-50,value-71-51
Monthly revenue,100072,NZD,2026-05-31,value-72-1,value-72-2,value-72-3,value-72-4,value-72-5,value-72-6,value-72-7,value-72-8,value-72-9,value-72-10,value-72-11,value-72-12,value-72-13,value-72-14,value-72-15,value-72-16,value-72-17,value-72-18,value-72-19,value-72-20,value-72-21,value-72-22,value-72-23,value-72-24,value-72-25,value-72-26,value-72-27,value-72-28,value-72-29,value-72-30,value-72-31,value-72-32,value-72-33,value-72-34,value-72-35,value-72-36,value-72-37,value-72-38,value-72-39,value-72-40,value-72-41,value-72-42,value-72-43,value-72-44,value-72-45,value-72-46,value-72-47,value-72-48,value-72-49,value-72-50,value-72-51
Cash at bank,100073,NZD,2026-05-31,value-73-1,value-73-2,value-73-3,value-73-4,value-73-5,value-73-6,value-73-7,value-73-8,value-73-9,value-73-10,value-73-11,value-73-12,value-73-13,value-73-14,value-73-15,value-73-16,value-73-17,value-73-18,value-73-19,value-73-20,value-73-21,value-73-22,value-73-23,value-73-24,value-73-25,value-73-26,value-73-27,value-73-28,value-73-29,value-73-30,value-73-31,value-73-32,value-73-33,value-73-34,value-73-35,value-73-36,value-73-37,value-73-38,value-73-39,value-73-40,value-73-41,value-73-42,value-73-43,value-73-44,value-73-45,value-73-46,value-73-47,value-73-48,value-73-49,value-73-50,value-73-51
Monthly revenue,100074,NZD,2026-05-31,value-74-1,value-74-2,value-74-3,value-74-4,value-74-5,value-74-6,value-74-7,value-74-8,value-74-9,value-74-10,value-74-11,value-74-12,value-74-13,value-74-14,value-74-15,value-74-16,value-74-17,value-74-18,value-74-19,value-74-20,value-74-21,value-74-22,value-74-23,value-74-24,value-74-25,value-74-26,value-74-27,value-74-28,value-74-29,value-74-30,value-74-31,value-74-32,value-74-33,value-74-34,value-74-35,value-74-36,value-74-37,value-74-38,value-74-39,value-74-40,value-74-41,value-74-42,value-74-43,value-74-44,value-74-45,value-74-46,value-74-47,value-74-48,value-74-49,value-74-50,value-74-51
Cash at bank,100075,NZD,2026-05-31,value-75-1,value-75-2,value-75-3,value-75-4,value-75-5,value-75-6,value-75-7,value-75-8,value-75-9,value-75-10,value-75-11,value-75-12,value-75-13,value-75-14,value-75-15,value-75-16,value-75-17,value-75-18,value-75-19,value-75-20,value-75-21,value-75-22,value-75-23,value-75-24,value-75-25,value-75-26,value-75-27,value-75-28,value-75-29,value-75-30,value-75-31,value-75-32,value-75-33,value-75-34,value-75-35,value-75-36,value-75-37,value-75-38,value-75-39,value-75-40,value-75-41,value-75-42,value-75-43,value-75-44,value-75-45,value-75-46,value-75-47,value-75-48,value-75-49,value-75-50,value-75-51
Monthly revenue,100076,NZD,2026-05-31,value-76-1,value-76-2,value-76-3,value-76-4,value-76-5,value-76-6,value-76-7,value-76-8,value-76-9,value-76-10,value-76-11,value-76-12,value-76-13,value-76-14,value-76-15,value-76-16,value-76-17,value-76-18,value-76-19,value-76-20,value-76-21,value-76-22,value-76-23,value-76-24,value-76-25,value-76-26,value-76-27,value-76-28,value-76-29,value-76-30,value-76-31,value-76-32,value-76-33,value-76-34,value-76-35,value-76-36,value-76-37,value-76-38,value-76-39,value-76-40,value-76-41,value-76-42,value-76-43,value-76-44,value-76-45,value-76-46,value-76-47,value-76-48,value-76-49,value-76-50,value-76-51
Cash at bank,100077,NZD,2026-05-31,value-77-1,value-77-2,value-77-3,value-77-4,value-77-5,value-77-6,value-77-7,value-77-8,value-77-9,value-77-10,value-77-11,value-77-12,value-77-13,value-77-14,value-77-15,value-77-16,value-77-17,value-77-18,value-77-19,value-77-20,value-77-21,value-77-22,value-77-23,value-77-24,value-77-25,value-77-26,value-77-27,value-77-28,value-77-29,value-77-30,value-77-31,value-77-32,value-77-33,value-77-34,value-77-35,value-77-36,value-77-37,value-77-38,value-77-39,value-77-40,value-77-41,value-77-42,value-77-43,value-77-44,value-77-45,value-77-46,value-77-47,value-77-48,value-77-49,value-77-50,value-77-51
Monthly revenue,100078,NZD,2026-05-31,value-78-1,value-78-2,value-78-3,value-78-4,value-78-5,value-78-6,value-78-7,value-78-8,value-78-9,value-78-10,value-78-11,value-78-12,value-78-13,value-78-14,value-78-15,value-78-16,value-78-17,value-78-18,value-78-19,value-78-20,value-78-21,value-78-22,value-78-23,value-78-24,value-78-25,value-78-26,value-78-27,value-78-28,value-78-29,value-78-30,value-78-31,value-78-32,value-78-33,value-78-34,value-78-35,value-78-36,value-78-37,value-78-38,value-78-39,value-78-40,value-78-41,value-78-42,value-78-43,value-78-44,value-78-45,value-78-46,value-78-47,value-78-48,value-78-49,value-78-50,value-78-51
Cash at bank,100079,NZD,2026-05-31,value-79-1,value-79-2,value-79-3,value-79-4,value-79-5,value-79-6,value-79-7,value-79-8,value-79-9,value-79-10,value-79-11,value-79-12,value-79-13,value-79-14,value-79-15,value-79-16,value-79-17,value-79-18,value-79-19,value-79-20,value-79-21,value-79-22,value-79-23,value-79-24,value-79-25,value-79-26,value-79-27,value-79-28,value-79-29,value-79-30,value-79-31,value-79-32,value-79-33,value-79-34,value-79-35,value-79-36,value-79-37,value-79-38,value-79-39,value-79-40,value-79-41,value-79-42,value-79-43,value-79-44,value-79-45,value-79-46,value-79-47,value-79-48,value-79-49,value-79-50,value-79-51
Monthly revenue,100080,NZD,2026-05-31,value-80-1,value-80-2,value-80-3,value-80-4,value-80-5,value-80-6,value-80-7,value-80-8,value-80-9,value-80-10,value-80-11,value-80-12,value-80-13,value-80-14,value-80-15,value-80-16,value-80-17,value-80-18,value-80-19,value-80-20,value-80-21,value-80-22,value-80-23,value-80-24,value-80-25,value-80-26,value-80-27,value-80-28,value-80-29,value-80-30,value-80-31,value-80-32,value-80-33,value-80-34,value-80-35,value-80-36,value-80-37,value-80-38,value-80-39,value-80-40,value-80-41,value-80-42,value-80-43,value-80-44,value-80-45,value-80-46,value-80-47,value-80-48,value-80-49,value-80-50,value-80-51
Cash at bank,100081,NZD,2026-05-31,value-81-1,value-81-2,value-81-3,value-81-4,value-81-5,value-81-6,value-81-7,value-81-8,value-81-9,value-81-10,value-81-11,value-81-12,value-81-13,value-81-14,value-81-15,value-81-16,value-81-17,value-81-18,value-81-19,value-81-20,value-81-21,value-81-22,value-81-23,value-81-24,value-81-25,value-81-26,value-81-27,value-81-28,value-81-29,value-81-30,value-81-31,value-81-32,value-81-33,value-81-34,value-81-35,value-81-36,value-81-37,value-81-38,value-81-39,value-81-40,value-81-41,value-81-42,value-81-43,value-81-44,value-81-45,value-81-46,value-81-47,value-81-48,value-81-49,value-81-50,value-81-51
Monthly revenue,100082,NZD,2026-05-31,value-82-1,value-82-2,value-82-3,value-82-4,value-82-5,value-82-6,value-82-7,value-82-8,value-82-9,value-82-10,value-82-11,value-82-12,value-82-13,value-82-14,value-82-15,value-82-16,value-82-17,value-82-18,value-82-19,value-82-20,value-82-21,value-82-22,value-82-23,value-82-24,value-82-25,value-82-26,value-82-27,value-82-28,value-82-29,value-82-30,value-82-31,value-82-32,value-82-33,value-82-34,value-82-35,value-82-36,value-82-37,value-82-38,value-82-39,value-82-40,value-82-41,value-82-42,value-82-43,value-82-44,value-82-45,value-82-46,value-82-47,value-82-48,value-82-49,value-82-50,value-82-51
Cash at bank,100083,NZD,2026-05-31,value-83-1,value-83-2,value-83-3,value-83-4,value-83-5,value-83-6,value-83-7,value-83-8,value-83-9,value-83-10,value-83-11,value-83-12,value-83-13,value-83-14,value-83-15,value-83-16,value-83-17,value-83-18,value-83-19,value-83-20,value-83-21,value-83-22,value-83-23,value-83-24,value-83-25,value-83-26,value-83-27,value-83-28,value-83-29,value-83-30,value-83-31,value-83-32,value-83-33,value-83-34,value-83-35,value-83-36,value-83-37,value-83-38,value-83-39,value-83-40,value-83-41,value-83-42,value-83-43,value-83-44,value-83-45,value-83-46,value-83-47,value-83-48,value-83-49,value-83-50,value-83-51
Monthly revenue,100084,NZD,2026-05-31,value-84-1,value-84-2,value-84-3,value-84-4,value-84-5,value-84-6,value-84-7,value-84-8,value-84-9,value-84-10,value-84-11,value-84-12,value-84-13,value-84-14,value-84-15,value-84-16,value-84-17,value-84-18,value-84-19,value-84-20,value-84-21,value-84-22,value-84-23,value-84-24,value-84-25,value-84-26,value-84-27,value-84-28,value-84-29,value-84-30,value-84-31,value-84-32,value-84-33,value-84-34,value-84-35,value-84-36,value-84-37,value-84-38,value-84-39,value-84-40,value-84-41,value-84-42,value-84-43,value-84-44,value-84-45,value-84-46,value-84-47,value-84-48,value-84-49,value-84-50,value-84-51
Cash at bank,100085,NZD,2026-05-31,value-85-1,value-85-2,value-85-3,value-85-4,value-85-5,value-85-6,value-85-7,value-85-8,value-85-9,value-85-10,value-85-11,value-85-12,value-85-13,value-85-14,value-85-15,value-85-16,value-85-17,value-85-18,value-85-19,value-85-20,value-85-21,value-85-22,value-85-23,value-85-24,value-85-25,value-85-26,value-85-27,value-85-28,value-85-29,value-85-30,value-85-31,value-85-32,value-85-33,value-85-34,value-85-35,value-85-36,value-85-37,value-85-38,value-85-39,value-85-40,value-85-41,value-85-42,value-85-43,value-85-44,value-85-45,value-85-46,value-85-47,value-85-48,value-85-49,value-85-50,value-85-51
Monthly revenue,100086,NZD,2026-05-31,value-86-1,value-86-2,value-86-3,value-86-4,value-86-5,value-86-6,value-86-7,value-86-8,value-86-9,value-86-10,value-86-11,value-86-12,value-86-13,value-86-14,value-86-15,value-86-16,value-86-17,value-86-18,value-86-19,value-86-20,value-86-21,value-86-22,value-86-23,value-86-24,value-86-25,value-86-26,value-86-27,value-86-28,value-86-29,value-86-30,value-86-31,value-86-32,value-86-33,value-86-34,value-86-35,value-86-36,value-86-37,value-86-38,value-86-39,value-86-40,value-86-41,value-86-42,value-86-43,value-86-44,value-86-45,value-86-46,value-86-47,value-86-48,value-86-49,value-86-50,value-86-51
Cash at bank,100087,NZD,2026-05-31,value-87-1,value-87-2,value-87-3,value-87-4,value-87-5,value-87-6,value-87-7,value-87-8,value-87-9,value-87-10,value-87-11,value-87-12,value-87-13,value-87-14,value-87-15,value-87-16,value-87-17,value-87-18,value-87-19,value-87-20,value-87-21,value-87-22,value-87-23,value-87-24,value-87-25,value-87-26,value-87-27,value-87-28,value-87-29,value-87-30,value-87-31,value-87-32,value-87-33,value-87-34,value-87-35,value-87-36,value-87-37,value-87-38,value-87-39,value-87-40,value-87-41,value-87-42,value-87-43,value-87-44,value-87-45,value-87-46,value-87-47,value-87-48,value-87-49,value-87-50,value-87-51
Monthly revenue,100088,NZD,2026-05-31,value-88-1,value-88-2,value-88-3,value-88-4,value-88-5,value-88-6,value-88-7,value-88-8,value-88-9,value-88-10,value-88-11,value-88-12,value-88-13,value-88-14,value-88-15,value-88-16,value-88-17,value-88-18,value-88-19,value-88-20,value-88-21,value-88-22,value-88-23,value-88-24,value-88-25,value-88-26,value-88-27,value-88-28,value-88-29,value-88-30,value-88-31,value-88-32,value-88-33,value-88-34,value-88-35,value-88-36,value-88-37,value-88-38,value-88-39,value-88-40,value-88-41,value-88-42,value-88-43,value-88-44,value-88-45,value-88-46,value-88-47,value-88-48,value-88-49,value-88-50,value-88-51
Cash at bank,100089,NZD,2026-05-31,value-89-1,value-89-2,value-89-3,value-89-4,value-89-5,value-89-6,value-89-7,value-89-8,value-89-9,value-89-10,value-89-11,value-89-12,value-89-13,value-89-14,value-89-15,value-89-16,value-89-17,value-89-18,value-89-19,value-89-20,value-89-21,value-89-22,value-89-23,value-89-24,value-89-25,value-89-26,value-89-27,value-89-28,value-89-29,value-89-30,value-89-31,value-89-32,value-89-33,value-89-34,value-89-35,value-89-36,value-89-37,value-89-38,value-89-39,value-89-40,value-89-41,value-89-42,value-89-43,value-89-44,value-89-45,value-89-46,value-89-47,value-89-48,value-89-49,value-89-50,value-89-51
Monthly revenue,100090,NZD,2026-05-31,value-90-1,value-90-2,value-90-3,value-90-4,value-90-5,value-90-6,value-90-7,value-90-8,value-90-9,value-90-10,value-90-11,value-90-12,value-90-13,value-90-14,value-90-15,value-90-16,value-90-17,value-90-18,value-90-19,value-90-20,value-90-21,value-90-22,value-90-23,value-90-24,value-90-25,value-90-26,value-90-27,value-90-28,value-90-29,value-90-30,value-90-31,value-90-32,value-90-33,value-90-34,value-90-35,value-90-36,value-90-37,value-90-38,value-90-39,value-90-40,value-90-41,value-90-42,value-90-43,value-90-44,value-90-45,value-90-46,value-90-47,value-90-48,value-90-49,value-90-50,value-90-51
Cash at bank,100091,NZD,2026-05-31,value-91-1,value-91-2,value-91-3,value-91-4,value-91-5,value-91-6,value-91-7,value-91-8,value-91-9,value-91-10,value-91-11,value-91-12,value-91-13,value-91-14,value-91-15,value-91-16,value-91-17,value-91-18,value-91-19,value-91-20,value-91-21,value-91-22,value-91-23,value-91-24,value-91-25,value-91-26,value-91-27,value-91-28,value-91-29,value-91-30,value-91-31,value-91-32,value-91-33,value-91-34,value-91-35,value-91-36,value-91-37,value-91-38,value-91-39,value-91-40,value-91-41,value-91-42,value-91-43,value-91-44,value-91-45,value-91-46,value-91-47,value-91-48,value-91-49,value-91-50,value-91-51
Monthly revenue,100092,NZD,2026-05-31,value-92-1,value-92-2,value-92-3,value-92-4,value-92-5,value-92-6,value-92-7,value-92-8,value-92-9,value-92-10,value-92-11,value-92-12,value-92-13,value-92-14,value-92-15,value-92-16,value-92-17,value-92-18,value-92-19,value-92-20,value-92-21,value-92-22,value-92-23,value-92-24,value-92-25,value-92-26,value-92-27,value-92-28,value-92-29,value-92-30,value-92-31,value-92-32,value-92-33,value-92-34,value-92-35,value-92-36,value-92-37,value-92-38,value-92-39,value-92-40,value-92-41,value-92-42,value-92-43,value-92-44,value-92-45,value-92-46,value-92-47,value-92-48,value-92-49,value-92-50,value-92-51
Cash at bank,100093,NZD,2026-05-31,value-93-1,value-93-2,value-93-3,value-93-4,value-93-5,value-93-6,value-93-7,value-93-8,value-93-9,value-93-10,value-93-11,value-93-12,value-93-13,value-93-14,value-93-15,value-93-16,value-93-17,value-93-18,value-93-19,value-93-20,value-93-21,value-93-22,value-93-23,value-93-24,value-93-25,value-93-26,value-93-27,value-93-28,value-93-29,value-93-30,value-93-31,value-93-32,value-93-33,value-93-34,value-93-35,value-93-36,value-93-37,value-93-38,value-93-39,value-93-40,value-93-41,value-93-42,value-93-43,value-93-44,value-93-45,value-93-46,value-93-47,value-93-48,value-93-49,value-93-50,value-93-51
Monthly revenue,100094,NZD,2026-05-31,value-94-1,value-94-2,value-94-3,value-94-4,value-94-5,value-94-6,value-94-7,value-94-8,value-94-9,value-94-10,value-94-11,value-94-12,value-94-13,value-94-14,value-94-15,value-94-16,value-94-17,value-94-18,value-94-19,value-94-20,value-94-21,value-94-22,value-94-23,value-94-24,value-94-25,value-94-26,value-94-27,value-94-28,value-94-29,value-94-30,value-94-31,value-94-32,value-94-33,value-94-34,value-94-35,value-94-36,value-94-37,value-94-38,value-94-39,value-94-40,value-94-41,value-94-42,value-94-43,value-94-44,value-94-45,value-94-46,value-94-47,value-94-48,value-94-49,value-94-50,value-94-51
Cash at bank,100095,NZD,2026-05-31,value-95-1,value-95-2,value-95-3,value-95-4,value-95-5,value-95-6,value-95-7,value-95-8,value-95-9,value-95-10,value-95-11,value-95-12,value-95-13,value-95-14,value-95-15,value-95-16,value-95-17,value-95-18,value-95-19,value-95-20,value-95-21,value-95-22,value-95-23,value-95-24,value-95-25,value-95-26,value-95-27,value-95-28,value-95-29,value-95-30,value-95-31,value-95-32,value-95-33,value-95-34,value-95-35,value-95-36,value-95-37,value-95-38,value-95-39,value-95-40,value-95-41,value-95-42,value-95-43,value-95-44,value-95-45,value-95-46,value-95-47,value-95-48,value-95-49,value-95-50,value-95-51
Monthly revenue,100096,NZD,2026-05-31,value-96-1,value-96-2,value-96-3,value-96-4,value-96-5,value-96-6,value-96-7,value-96-8,value-96-9,value-96-10,value-96-11,value-96-12,value-96-13,value-96-14,value-96-15,value-96-16,value-96-17,value-96-18,value-96-19,value-96-20,value-96-21,value-96-22,value-96-23,value-96-24,value-96-25,value-96-26,value-96-27,value-96-28,value-96-29,value-96-30,value-96-31,value-96-32,value-96-33,value-96-34,value-96-35,value-96-36,value-96-37,value-96-38,value-96-39,value-96-40,value-96-41,value-96-42,value-96-43,value-96-44,value-96-45,value-96-46,value-96-47,value-96-48,value-96-49,value-96-50,value-96-51
Cash at bank,100097,NZD,2026-05-31,value-97-1,value-97-2,value-97-3,value-97-4,value-97-5,value-97-6,value-97-7,value-97-8,value-97-9,value-97-10,value-97-11,value-97-12,value-97-13,value-97-14,value-97-15,value-97-16,value-97-17,value-97-18,value-97-19,value-97-20,value-97-21,value-97-22,value-97-23,value-97-24,value-97-25,value-97-26,value-97-27,value-97-28,value-97-29,value-97-30,value-97-31,value-97-32,value-97-33,value-97-34,value-97-35,value-97-36,value-97-37,value-97-38,value-97-39,value-97-40,value-97-41,value-97-42,value-97-43,value-97-44,value-97-45,value-97-46,value-97-47,value-97-48,value-97-49,value-97-50,value-97-51
Monthly revenue,100098,NZD,2026-05-31,value-98-1,value-98-2,value-98-3,value-98-4,value-98-5,value-98-6,value-98-7,value-98-8,value-98-9,value-98-10,value-98-11,value-98-12,value-98-13,value-98-14,value-98-15,value-98-16,value-98-17,value-98-18,value-98-19,value-98-20,value-98-21,value-98-22,value-98-23,value-98-24,value-98-25,value-98-26,value-98-27,value-98-28,value-98-29,value-98-30,value-98-31,value-98-32,value-98-33,value-98-34,value-98-35,value-98-36,value-98-37,value-98-38,value-98-39,value-98-40,value-98-41,value-98-42,value-98-43,value-98-44,value-98-45,value-98-46,value-98-47,value-98-48,value-98-49,value-98-50,value-98-51
Cash at bank,100099,NZD,2026-05-31,value-99-1,value-99-2,value-99-3,value-99-4,value-99-5,value-99-6,value-99-7,value-99-8,value-99-9,value-99-10,value-99-11,value-99-12,value-99-13,value-99-14,value-99-15,value-99-16,value-99-17,value-99-18,value-99-19,value-99-20,value-99-21,value-99-22,value-99-23,value-99-24,value-99-25,value-99-26,value-99-27,value-99-28,value-99-29,value-99-30,value-99-31,value-99-32,value-99-33,value-99-34,value-99-35,value-99-36,value-99-37,value-99-38,value-99-39,value-99-40,value-99-41,value-99-42,value-99-43,value-99-44,value-99-45,value-99-46,value-99-47,value-99-48,value-99-49,value-99-50,value-99-51
Monthly revenue,100100,NZD,2026-05-31,value-100-1,value-100-2,value-100-3,value-100-4,value-100-5,value-100-6,value-100-7,value-100-8,value-100-9,value-100-10,value-100-11,value-100-12,value-100-13,value-100-14,value-100-15,value-100-16,value-100-17,value-100-18,value-100-19,value-100-20,value-100-21,value-100-22,value-100-23,value-100-24,value-100-25,value-100-26,value-100-27,value-100-28,value-100-29,value-100-30,value-100-31,value-100-32,value-100-33,value-100-34,value-100-35,value-100-36,value-100-37,value-100-38,value-100-39,value-100-40,value-100-41,value-100-42,value-100-43,value-100-44,value-100-45,value-100-46,value-100-47,value-100-48,value-100-49,value-100-50,value-100-51
Cash at bank,100101,NZD,2026-05-31,value-101-1,value-101-2,value-101-3,value-101-4,value-101-5,value-101-6,value-101-7,value-101-8,value-101-9,value-101-10,value-101-11,value-101-12,value-101-13,value-101-14,value-101-15,value-101-16,value-101-17,value-101-18,value-101-19,value-101-20,value-101-21,value-101-22,value-101-23,value-101-24,value-101-25,value-101-26,value-101-27,value-101-28,value-101-29,value-101-30,value-101-31,value-101-32,value-101-33,value-101-34,value-101-35,value-101-36,value-101-37,value-101-38,value-101-39,value-101-40,value-101-41,value-101-42,value-101-43,value-101-44,value-101-45,value-101-46,value-101-47,value-101-48,value-101-49,value-101-50,value-101-51
Monthly revenue,100102,NZD,2026-05-31,value-102-1,value-102-2,value-102-3,value-102-4,value-102-5,value-102-6,value-102-7,value-102-8,value-102-9,value-102-10,value-102-11,value-102-12,value-102-13,value-102-14,value-102-15,value-102-16,value-102-17,value-102-18,value-102-19,value-102-20,value-102-21,value-102-22,value-102-23,value-102-24,value-102-25,value-102-26,value-102-27,value-102-28,value-102-29,value-102-30,value-102-31,value-102-32,value-102-33,value-102-34,value-102-35,value-102-36,value-102-37,value-102-38,value-102-39,value-102-40,value-102-41,value-102-42,value-102-43,value-102-44,value-102-45,value-102-46,value-102-47,value-102-48,value-102-49,value-102-50,value-102-51
Cash at bank,100103,NZD,2026-05-31,value-103-1,value-103-2,value-103-3,value-103-4,value-103-5,value-103-6,value-103-7,value-103-8,value-103-9,value-103-10,value-103-11,value-103-12,value-103-13,value-103-14,value-103-15,value-103-16,value-103-17,value-103-18,value-103-19,value-103-20,value-103-21,value-103-22,value-103-23,value-103-24,value-103-25,value-103-26,value-103-27,value-103-28,value-103-29,value-103-30,value-103-31,value-103-32,value-103-33,value-103-34,value-103-35,value-103-36,value-103-37,value-103-38,value-103-39,value-103-40,value-103-41,value-103-42,value-103-43,value-103-44,value-103-45,value-103-46,value-103-47,value-103-48,value-103-49,value-103-50,value-103-51
Monthly revenue,100104,NZD,2026-05-31,value-104-1,value-104-2,value-104-3,value-104-4,value-104-5,value-104-6,value-104-7,value-104-8,value-104-9,value-104-10,value-104-11,value-104-12,value-104-13,value-104-14,value-104-15,value-104-16,value-104-17,value-104-18,value-104-19,value-104-20,value-104-21,value-104-22,value-104-23,value-104-24,value-104-25,value-104-26,value-104-27,value-104-28,value-104-29,value-104-30,value-104-31,value-104-32,value-104-33,value-104-34,value-104-35,value-104-36,value-104-37,value-104-38,value-104-39,value-104-40,value-104-41,value-104-42,value-104-43,value-104-44,value-104-45,value-104-46,value-104-47,value-104-48,value-104-49,value-104-50,value-104-51
Cash at bank,100105,NZD,2026-05-31,value-105-1,value-105-2,value-105-3,value-105-4,value-105-5,value-105-6,value-105-7,value-105-8,value-105-9,value-105-10,value-105-11,value-105-12,value-105-13,value-105-14,value-105-15,value-105-16,value-105-17,value-105-18,value-105-19,value-105-20,value-105-21,value-105-22,value-105-23,value-105-24,value-105-25,value-105-26,value-105-27,value-105-28,value-105-29,value-105-30,value-105-31,value-105-32,value-105-33,value-105-34,value-105-35,value-105-36,value-105-37,value-105-38,value-105-39,value-105-40,value-105-41,value-105-42,value-105-43,value-105-44,value-105-45,value-105-46,value-105-47,value-105-48,value-105-49,value-105-50,value-105-51
Monthly revenue,100106,NZD,2026-05-31,value-106-1,value-106-2,value-106-3,value-106-4,value-106-5,value-106-6,value-106-7,value-106-8,value-106-9,value-106-10,value-106-11,value-106-12,value-106-13,value-106-14,value-106-15,value-106-16,value-106-17,value-106-18,value-106-19,value-106-20,value-106-21,value-106-22,value-106-23,value-106-24,value-106-25,value-106-26,value-106-27,value-106-28,value-106-29,value-106-30,value-106-31,value-106-32,value-106-33,value-106-34,value-106-35,value-106-36,value-106-37,value-106-38,value-106-39,value-106-40,value-106-41,value-106-42,value-106-43,value-106-44,value-106-45,value-106-46,value-106-47,value-106-48,value-106-49,value-106-50,value-106-51
Cash at bank,100107,NZD,2026-05-31,value-107-1,value-107-2,value-107-3,value-107-4,value-107-5,value-107-6,value-107-7,value-107-8,value-107-9,value-107-10,value-107-11,value-107-12,value-107-13,value-107-14,value-107-15,value-107-16,value-107-17,value-107-18,value-107-19,value-107-20,value-107-21,value-107-22,value-107-23,value-107-24,value-107-25,value-107-26,value-107-27,value-107-28,value-107-29,value-107-30,value-107-31,value-107-32,value-107-33,value-107-34,value-107-35,value-107-36,value-107-37,value-107-38,value-107-39,value-107-40,value-107-41,value-107-42,value-107-43,value-107-44,value-107-45,value-107-46,value-107-47,value-107-48,value-107-49,value-107-50,value-107-51
Monthly revenue,100108,NZD,2026-05-31,value-108-1,value-108-2,value-108-3,value-108-4,value-108-5,value-108-6,value-108-7,value-108-8,value-108-9,value-108-10,value-108-11,value-108-12,value-108-13,value-108-14,value-108-15,value-108-16,value-108-17,value-108-18,value-108-19,value-108-20,value-108-21,value-108-22,value-108-23,value-108-24,value-108-25,value-108-26,value-108-27,value-108-28,value-108-29,value-108-30,value-108-31,value-108-32,value-108-33,value-108-34,value-108-35,value-108-36,value-108-37,value-108-38,value-108-39,value-108-40,value-108-41,value-108-42,value-108-43,value-108-44,value-108-45,value-108-46,value-108-47,value-108-48,value-108-49,value-108-50,value-108-51
Cash at bank,100109,NZD,2026-05-31,value-109-1,value-109-2,value-109-3,value-109-4,value-109-5,value-109-6,value-109-7,value-109-8,value-109-9,value-109-10,value-109-11,value-109-12,value-109-13,value-109-14,value-109-15,value-109-16,value-109-17,value-109-18,value-109-19,value-109-20,value-109-21,value-109-22,value-109-23,value-109-24,value-109-25,value-109-26,value-109-27,value-109-28,value-109-29,value-109-30,value-109-31,value-109-32,value-109-33,value-109-34,value-109-35,value-109-36,value-109-37,value-109-38,value-109-39,value-109-40,value-109-41,value-109-42,value-109-43,value-109-44,value-109-45,value-109-46,value-109-47,value-109-48,value-109-49,value-109-50,value-109-51
Monthly revenue,100110,NZD,2026-05-31,value-110-1,value-110-2,value-110-3,value-110-4,value-110-5,value-110-6,value-110-7,value-110-8,value-110-9,value-110-10,value-110-11,value-110-12,value-110-13,value-110-14,value-110-15,value-110-16,value-110-17,value-110-18,value-110-19,value-110-20,value-110-21,value-110-22,value-110-23,value-110-24,value-110-25,value-110-26,value-110-27,value-110-28,value-110-29,value-110-30,value-110-31,value-110-32,value-110-33,value-110-34,value-110-35,value-110-36,value-110-37,value-110-38,value-110-39,value-110-40,value-110-41,value-110-42,value-110-43,value-110-44,value-110-45,value-110-46,value-110-47,value-110-48,value-110-49,value-110-50,value-110-51
Cash at bank,100111,NZD,2026-05-31,value-111-1,value-111-2,value-111-3,value-111-4,value-111-5,value-111-6,value-111-7,value-111-8,value-111-9,value-111-10,value-111-11,value-111-12,value-111-13,value-111-14,value-111-15,value-111-16,value-111-17,value-111-18,value-111-19,value-111-20,value-111-21,value-111-22,value-111-23,value-111-24,value-111-25,value-111-26,value-111-27,value-111-28,value-111-29,value-111-30,value-111-31,value-111-32,value-111-33,value-111-34,value-111-35,value-111-36,value-111-37,value-111-38,value-111-39,value-111-40,value-111-41,value-111-42,value-111-43,value-111-44,value-111-45,value-111-46,value-111-47,value-111-48,value-111-49,value-111-50,value-111-51
Monthly revenue,100112,NZD,2026-05-31,value-112-1,value-112-2,value-112-3,value-112-4,value-112-5,value-112-6,value-112-7,value-112-8,value-112-9,value-112-10,value-112-11,value-112-12,value-112-13,value-112-14,value-112-15,value-112-16,value-112-17,value-112-18,value-112-19,value-112-20,value-112-21,value-112-22,value-112-23,value-112-24,value-112-25,value-112-26,value-112-27,value-112-28,value-112-29,value-112-30,value-112-31,value-112-32,value-112-33,value-112-34,value-112-35,value-112-36,value-112-37,value-112-38,value-112-39,value-112-40,value-112-41,value-112-42,value-112-43,value-112-44,value-112-45,value-112-46,value-112-47,value-112-48,value-112-49,value-112-50,value-112-51
Cash at bank,100113,NZD,2026-05-31,value-113-1,value-113-2,value-113-3,value-113-4,value-113-5,value-113-6,value-113-7,value-113-8,value-113-9,value-113-10,value-113-11,value-113-12,value-113-13,value-113-14,value-113-15,value-113-16,value-113-17,value-113-18,value-113-19,value-113-20,value-113-21,value-113-22,value-113-23,value-113-24,value-113-25,value-113-26,value-113-27,value-113-28,value-113-29,value-113-30,value-113-31,value-113-32,value-113-33,value-113-34,value-113-35,value-113-36,value-113-37,value-113-38,value-113-39,value-113-40,value-113-41,value-113-42,value-113-43,value-113-44,value-113-45,value-113-46,value-113-47,value-113-48,value-113-49,value-113-50,value-113-51
Monthly revenue,100114,NZD,2026-05-31,value-114-1,value-114-2,value-114-3,value-114-4,value-114-5,value-114-6,value-114-7,value-114-8,value-114-9,value-114-10,value-114-11,value-114-12,value-114-13,value-114-14,value-114-15,value-114-16,value-114-17,value-114-18,value-114-19,value-114-20,value-114-21,value-114-22,value-114-23,value-114-24,value-114-25,value-114-26,value-114-27,value-114-28,value-114-29,value-114-30,value-114-31,value-114-32,value-114-33,value-114-34,value-114-35,value-114-36,value-114-37,value-114-38,value-114-39,value-114-40,value-114-41,value-114-42,value-114-43,value-114-44,value-114-45,value-114-46,value-114-47,value-114-48,value-114-49,value-114-50,value-114-51
Cash at bank,100115,NZD,2026-05-31,value-115-1,value-115-2,value-115-3,value-115-4,value-115-5,value-115-6,value-115-7,value-115-8,value-115-9,value-115-10,value-115-11,value-115-12,value-115-13,value-115-14,value-115-15,value-115-16,value-115-17,value-115-18,value-115-19,value-115-20,value-115-21,value-115-22,value-115-23,value-115-24,value-115-25,value-115-26,value-115-27,value-115-28,value-115-29,value-115-30,value-115-31,value-115-32,value-115-33,value-115-34,value-115-35,value-115-36,value-115-37,value-115-38,value-115-39,value-115-40,value-115-41,value-115-42,value-115-43,value-115-44,value-115-45,value-115-46,value-115-47,value-115-48,value-115-49,value-115-50,value-115-51
Monthly revenue,100116,NZD,2026-05-31,value-116-1,value-116-2,value-116-3,value-116-4,value-116-5,value-116-6,value-116-7,value-116-8,value-116-9,value-116-10,value-116-11,value-116-12,value-116-13,value-116-14,value-116-15,value-116-16,value-116-17,value-116-18,value-116-19,value-116-20,value-116-21,value-116-22,value-116-23,value-116-24,value-116-25,value-116-26,value-116-27,value-116-28,value-116-29,value-116-30,value-116-31,value-116-32,value-116-33,value-116-34,value-116-35,value-116-36,value-116-37,value-116-38,value-116-39,value-116-40,value-116-41,value-116-42,value-116-43,value-116-44,value-116-45,value-116-46,value-116-47,value-116-48,value-116-49,value-116-50,value-116-51
Cash at bank,100117,NZD,2026-05-31,value-117-1,value-117-2,value-117-3,value-117-4,value-117-5,value-117-6,value-117-7,value-117-8,value-117-9,value-117-10,value-117-11,value-117-12,value-117-13,value-117-14,value-117-15,value-117-16,value-117-17,value-117-18,value-117-19,value-117-20,value-117-21,value-117-22,value-117-23,value-117-24,value-117-25,value-117-26,value-117-27,value-117-28,value-117-29,value-117-30,value-117-31,value-117-32,value-117-33,value-117-34,value-117-35,value-117-36,value-117-37,value-117-38,value-117-39,value-117-40,value-117-41,value-117-42,value-117-43,value-117-44,value-117-45,value-117-46,value-117-47,value-117-48,value-117-49,value-117-50,value-117-51
Monthly revenue,100118,NZD,2026-05-31,value-118-1,value-118-2,value-118-3,value-118-4,value-118-5,value-118-6,value-118-7,value-118-8,value-118-9,value-118-10,value-118-11,value-118-12,value-118-13,value-118-14,value-118-15,value-118-16,value-118-17,value-118-18,value-118-19,value-118-20,value-118-21,value-118-22,value-118-23,value-118-24,value-118-25,value-118-26,value-118-27,value-118-28,value-118-29,value-118-30,value-118-31,value-118-32,value-118-33,value-118-34,value-118-35,value-118-36,value-118-37,value-118-38,value-118-39,value-118-40,value-118-41,value-118-42,value-118-43,value-118-44,value-118-45,value-118-46,value-118-47,value-118-48,value-118-49,value-118-50,value-118-51
Cash at bank,100119,NZD,2026-05-31,value-119-1,value-119-2,value-119-3,value-119-4,value-119-5,value-119-6,value-119-7,value-119-8,value-119-9,value-119-10,value-119-11,value-119-12,value-119-13,value-119-14,value-119-15,value-119-16,value-119-17,value-119-18,value-119-19,value-119-20,value-119-21,value-119-22,value-119-23,value-119-24,value-119-25,value-119-26,value-119-27,value-119-28,value-119-29,value-119-30,value-119-31,value-119-32,value-119-33,value-119-34,value-119-35,value-119-36,value-119-37,value-119-38,value-119-39,value-119-40,value-119-41,value-119-42,value-119-43,value-119-44,value-119-45,value-119-46,value-119-47,value-119-48,value-119-49,value-119-50,value-119-51
Monthly revenue,100120,NZD,2026-05-31,value-120-1,value-120-2,value-120-3,value-120-4,value-120-5,value-120-6,value-120-7,value-120-8,value-120-9,value-120-10,value-120-11,value-120-12,value-120-13,value-120-14,value-120-15,value-120-16,value-120-17,value-120-18,value-120-19,value-120-20,value-120-21,value-120-22,value-120-23,value-120-24,value-120-25,value-120-26,value-120-27,value-120-28,value-120-29,value-120-30,value-120-31,value-120-32,value-120-33,value-120-34,value-120-35,value-120-36,value-120-37,value-120-38,value-120-39,value-120-40,value-120-41,value-120-42,value-120-43,value-120-44,value-120-45,value-120-46,value-120-47,value-120-48,value-120-49,value-120-50,value-120-51
